antecedents,consequents,support,confidence,lift
weekday_is_saturday,is_weekend,0.06187569367369589,1.0,7.638535645472062
weekday_is_sunday,is_weekend,0.06903945111492281,1.0,7.638535645472062
is_weekend,weekday_is_saturday,0.06187569367369589,0.47263969171483616,7.638535645472061
is_weekend,weekday_is_sunday,0.06903945111492281,0.5273603082851637,7.638535645472061
is_weekend,shares_high,0.09355766320250226,0.7146435452793833,1.3392894350503863
data_channel_is_tech,shares_high,0.1188073857330239,0.6411652600054452,1.2015862516619016
weekday_is_friday,shares_high,0.07852386237513874,0.54604455358709,1.02332373463206
